basic_graph_collector,basic_span_collector,correct_span_collector,correct_edge_collector,algorithm_span_collector,algorithm_edge_collector,algorithm_time,improved_algorithm_span_collector,improved_algorithm_edge_collector,improved_algorithm_time,algorithm_1_span_collector,algorithm_1_edge_collector,algorithm_1_time,greedy_span_collector,greedy_edge_collector,greedy_time
"[(0, 2), (0, 4), (0, 5), (0, 6), (0, 7), (0, 8), (1, 2), (1, 3), (1, 9), (2, 3), (2, 4), (2, 6), (2, 7), (2, 8), (3, 5), (4, 5), (4, 9), (6, 8), (7, 9)]",1080,12717,"[((1, 8, 1), (3, 5, 1), (6, 9, 1))]",12480,"[(3, 5), (1, 9), (6, 8)]",0.008753061294555664,12480,"[(3, 9), (1, 5), (6, 8)]",0.12125754356384277,10512,"{(6, 9), (5, 7), (1, 9)}",0.13416051864624023,10512,"{(6, 9), (1, 9), (3, 5)}",0.05320262908935547
"[(0, 2), (0, 3), (0, 7), (0, 9), (1, 2), (1, 8), (1, 9), (2, 3), (2, 4), (2, 5), (2, 6), (2, 8), (3, 4), (3, 7), (4, 5), (4, 9), (5, 6), (6, 9), (7, 8)]",1347,15237,"[((0, 9, 1), (6, 7, 1), (7, 8, 1))]",14821,"[(6, 9), (7, 8), (0, 9)]",0.007344484329223633,14968,"[(7, 9), (6, 8), (6, 7)]",0.24361491203308105,12321,"{(0, 1), (5, 7), (7, 9)}",0.13121414184570312,12321,"{(6, 9), (5, 7), (7, 8)}",0.052205562591552734
"[(0, 2), (0, 3), (0, 7), (1, 2), (1, 8), (1, 7), (2, 3), (2, 4), (2, 6), (2, 7), (2, 9), (3, 4), (3, 5), (3, 8), (3, 9), (4, 5), (5, 6), (5, 8), (6, 9)]",962,12694,"[((1, 8, 1), (1, 7, 1), (6, 9, 1))]",12694,"[(1, 8), (1, 7), (6, 9)]",0.018640995025634766,12694,"[(1, 8), (1, 7), (6, 9)]",0.11880159378051758,10885,"{(0, 1), (1, 8), (5, 7)}",0.11679601669311523,10885,"{(7, 8), (1, 6), (1, 9)}",0.05134105682373047
"[(0, 2), (0, 3), (0, 8), (1, 2), (1, 4), (1, 5), (1, 6), (1, 9), (2, 3), (2, 6), (2, 9), (3, 4), (3, 5), (3, 7), (4, 8), (5, 7), (5, 8), (6, 7), (8, 9)]",1632,17710,"[((4, 8, 1), (6, 8, 1), (7, 9, 1))]",17710,"[(6, 7), (8, 9), (4, 8)]",0.018819332122802734,17710,"[(8, 9), (6, 7), (4, 8)]",0.11470150947570801,13896,"{(2, 7), (4, 7), (6, 8)}",0.10967063903808594,13896,"{(4, 6), (6, 8), (7, 9)}",0.05259537696838379
"[(0, 2), (0, 3), (0, 4), (0, 5), (0, 6), (0, 7), (0, 8), (0, 9), (1, 2), (1, 8), (1, 9), (2, 3), (3, 4), (3, 5), (3, 7), (4, 7), (5, 6), (6, 8), (6, 9)]",800,12381,"[((1, 8, 1), (1, 7, 1), (4, 9, 1))]",11544,"[(1, 8), (1, 9), (4, 7)]",0.01784992218017578,12381,"[(1, 8), (1, 7), (4, 9)]",0.24679851531982422,11564,"{(1, 8), (4, 9), (1, 9)}",0.16393327713012695,11564,"{(7, 8), (1, 9), (1, 4)}",0.0503840446472168
