basic_graph_collector,basic_span_collector,correct_span_collector,correct_edge_collector,algorithm_span_collector,algorithm_edge_collector,algorithm_time,improved_algorithm_span_collector,improved_algorithm_edge_collector,improved_algorithm_time,algorithm_1_span_collector,algorithm_1_edge_collector,algorithm_1_time,greedy_span_collector,greedy_edge_collector,greedy_time
"[(0, 2), (0, 3), (0, 4), (0, 5), (0, 7), (1, 2), (1, 6), (1, 8), (2, 3), (2, 4), (2, 5), (2, 6), (2, 7), (2, 8), (2, 9), (3, 9), (4, 6), (5, 9), (7, 8)]",960,10285,"[((1, 4, 1), (3, 6, 1), (8, 9, 1))]",10176,"[(3, 9), (4, 6), (1, 8)]",0.03165888786315918,9744,"[(6, 8), (1, 9), (3, 4)]",0.24648070335388184,7448,"{(0, 1), (6, 9), (5, 7)}",0.13150453567504883,7448,"{(6, 9), (1, 3), (1, 8)}",0.05090951919555664
"[(0, 2), (0, 8), (0, 7), (0, 9), (1, 2), (1, 3), (1, 4), (1, 5), (1, 7), (2, 3), (3, 4), (3, 9), (4, 5), (4, 6), (5, 6), (5, 7), (5, 8), (5, 9), (6, 8)]",1004,16165,"[((0, 7, 1), (0, 8, 1), (0, 9, 1))]",16165,"[(0, 8), (0, 7), (0, 9)]",0.016261577606201172,16165,"[(0, 8), (0, 7), (0, 9)]",0.2299811840057373,13213,"{(0, 9), (0, 8), (0, 1)}",0.16645336151123047,13213,"{(8, 9), (0, 6), (2, 7)}",0.053208351135253906
"[(0, 2), (0, 7), (0, 8), (0, 9), (1, 2), (1, 3), (1, 6), (2, 3), (2, 4), (2, 5), (2, 8), (3, 4), (3, 5), (3, 6), (3, 9), (4, 9), (5, 7), (6, 7), (6, 8)]",1524,15107,"[((4, 9, 1), (5, 7, 1), (6, 8, 1))]",15107,"[(5, 7), (4, 9), (6, 8)]",0.020127534866333008,14629,"[(5, 7), (4, 8), (6, 9)]",0.3652925491333008,12138,"{(0, 1), (4, 7), (5, 7)}",0.10430383682250977,12138,"{(4, 7), (1, 9), (5, 8)}",0.051688194274902344
"[(0, 2), (0, 3), (0, 4), (0, 5), (1, 2), (1, 3), (1, 4), (1, 6), (1, 7), (1, 8), (1, 9), (2, 9), (3, 5), (3, 9), (4, 6), (4, 7), (5, 8), (6, 9), (7, 8)]",1588,15316,"[((2, 8, 1), (5, 7, 1), (6, 9, 1))]",14839,"[(7, 8), (6, 9), (2, 9)]",0.014891386032104492,14891,"[(7, 8), (6, 9), (2, 6)]",0.354839563369751,13994,"{(2, 7), (5, 7), (6, 8)}",0.14606833457946777,13994,"{(2, 7), (6, 8), (7, 9)}",0.050765275955200195
"[(0, 2), (0, 3), (0, 4), (1, 2), (1, 5), (1, 6), (1, 9), (2, 3), (2, 4), (2, 5), (2, 6), (2, 7), (2, 9), (3, 6), (4, 7), (4, 8), (5, 8), (7, 8), (8, 9)]",1100,12645,"[((3, 5, 1), (6, 8, 1), (8, 9, 1))]",12645,"[(5, 8), (3, 6), (8, 9)]",0.024065732955932617,12645,"[(8, 9), (3, 5), (6, 8)]",0.22459840774536133,10125,"{(0, 1), (5, 7), (6, 8)}",0.11279034614562988,10125,"{(3, 6), (5, 8), (7, 9)}",0.05501079559326172
