eigenvalue_1,eigenvalue_2,diff,span_trees
(12.078277140575535+0j),(8.179059049839536+0j),(3.8992180907359995+0j),256864
(12.078180084387352+0j),(8.179597500847025+0j),(3.8985825835403265+0j),261952
(12.077906472092977+0j),(8.190752531714312+0j),(3.8871539403786652+0j),254512
