eigenvalue_1,eigenvalue_2,diff,span_trees
8.146723075257155,6.579404275302737,1.5673187999544176,854530
8.166553309016711,6.535605415526656,1.6309478934900552,835726
