added,edges,eigenvalues,span_trees
"(1, 11, 1)","[(0, 2), (0, 3), (0, 5), (0, 7), (0, 10), (1, 2), (1, 11), (2, 3), (2, 4), (2, 6), (2, 7), (2, 10), (2, 12), (3, 4), (3, 5), (3, 6), (3, 8), (3, 9), (3, 11), (5, 8), (5, 9), (6, 13), (7, 12), (7, 13), (10, 11), (12, 14), (13, 14)]","[9.60355817e+00 8.62921268e+00 6.31529094e+00 5.09894828e+00
 4.28347912e+00 3.81218862e+00 3.53555021e+00 2.71340840e+00
 2.25519404e+00 2.19188971e+00 2.00000000e+00 1.76099001e+00
 1.08805667e+00 7.12233156e-01 1.34281453e-15]",376004
"(1, 14, 1)","[(0, 2), (0, 3), (0, 5), (0, 7), (0, 10), (1, 2), (1, 14), (2, 3), (2, 4), (2, 6), (2, 7), (2, 10), (2, 12), (3, 4), (3, 5), (3, 6), (3, 8), (3, 9), (3, 11), (5, 8), (5, 9), (6, 13), (7, 12), (7, 13), (10, 11), (12, 14), (13, 14)]","[ 9.56859084e+00  8.64049916e+00  6.32319756e+00  5.25662191e+00
  4.28973744e+00  3.73723489e+00  3.44210020e+00  2.78941489e+00
  2.35252055e+00  2.00000000e+00  1.82600828e+00  1.76355797e+00
  1.29800150e+00  7.12514803e-01 -3.80927253e-16]",395168
"(1, 9, 1)","[(0, 2), (0, 3), (0, 5), (0, 7), (0, 10), (1, 2), (1, 9), (2, 3), (2, 4), (2, 6), (2, 7), (2, 10), (2, 12), (3, 4), (3, 5), (3, 6), (3, 8), (3, 9), (3, 11), (5, 8), (5, 9), (6, 13), (7, 12), (7, 13), (10, 11), (12, 14), (13, 14)]","[9.59100508e+00 8.62924007e+00 6.32225736e+00 5.15386974e+00
 4.43535207e+00 3.58612913e+00 3.28018864e+00 3.01614895e+00
 2.46228285e+00 2.22099434e+00 1.77271051e+00 1.52080131e+00
 1.28468085e+00 7.24339100e-01 1.02538803e-15]",388141
"(1, 8, 1)","[(0, 2), (0, 3), (0, 5), (0, 7), (0, 10), (1, 2), (1, 8), (2, 3), (2, 4), (2, 6), (2, 7), (2, 10), (2, 12), (3, 4), (3, 5), (3, 6), (3, 8), (3, 9), (3, 11), (5, 8), (5, 9), (6, 13), (7, 12), (7, 13), (10, 11), (12, 14), (13, 14)]","[ 9.59100508e+00  8.62924007e+00  6.32225736e+00  5.15386974e+00
  4.43535207e+00  3.58612913e+00  3.28018864e+00  3.01614895e+00
  2.46228285e+00  2.22099434e+00  1.77271051e+00  1.52080131e+00
  1.28468085e+00  7.24339100e-01 -4.90336339e-16]",388141
