eigenvalue_1,eigenvalue_2,diff,span_trees
10.255682921747706,7.53053893894076,2.725143982806946,480108
10.271358641898662,7.54668394941419,2.724674692484472,446924
10.264390799218667,7.603883651959901,2.660507147258766,450965
10.250560078709295,7.5671223754854795,2.6834377032238157,449061
10.264390799218667,7.603883651959897,2.6605071472587696,450965
10.250560078709295,7.567122375485479,2.6834377032238166,449061
10.272969752204835,7.538015479171038,2.7349542730337975,453600
10.23880388105998,7.537735009169378,2.7010688718906017,483004
10.249088297079858,7.528653761586812,2.7204345354930464,477360
