eigenvalue_1,eigenvalue_2,diff,span_trees
9.60355817323587,8.629212679272543,0.9743454939633267,376004
9.568590839903855,8.640499158504252,0.9280916813996036,395168
9.591005081062438,8.629240065856806,0.9617650152056321,388141
9.591005081062448,8.62924006585681,0.9617650152056392,388141
