eigenvalue_1,eigenvalue_2,diff,span_trees
12.078792659645126,7.428089639920152,4.650703019724974,374573
12.079698020838155,7.345316052666043,4.734381968172112,392820
12.080397708630866,7.364342300890731,4.716055407740135,372180
12.080406003921834,7.363031237042853,4.71737476687898,383796
12.065882183027584,7.428341139940799,4.637541043086785,398068
12.080098059029678,7.414974848226177,4.665123210803501,374708
12.080110026162544,7.413379279510164,4.666730746652379,365836
12.078792659645128,7.4280896399201595,4.650703019724968,374573
12.0658824335332,7.427590580045937,4.638291853487264,375876
