eigenvalue_1,eigenvalue_2,diff,span_trees
8.334577704161823,7.7982266254484225,0.5363510787134009,526688
8.365377573852705,7.79982930054703,0.5655482733056747,526206
8.330690175903914,7.794947420687702,0.5357427552162122,464332
8.329619796108034,7.841333608033252,0.48828618807478197,525987
8.329042266359295,7.795222244396898,0.5338200219623968,472787
