eigenvalue_1,eigenvalue_2,diff,span_trees
9.3915536285718,8.051436730874055,1.3401168976977456,498232
9.385826543737462,8.056018483362717,1.329808060374745,477067
9.388176873416006,8.037587210219202,1.3505896631968035,500107
