added,edges,eigenv_1,eigenv_2,eigenv_3,eigenv_4,eigenv_5,eigenv_6,eigenv_7,eigenv_8,eigenv_9,eigenv_10,eigenv_11,eigenv_12,eigenv_13,eigenv_14,eigenv_15,span_trees
base,"[(0, 2), (0, 3), (0, 4), (0, 5), (0, 6), (0, 7), (0, 13), (1, 2), (2, 3), (2, 5), (2, 7), (2, 8), (2, 9), (2, 10), (2, 11), (2, 13), (2, 14), (3, 4), (3, 6), (3, 12), (5, 10), (5, 12), (7, 8), (7, 9), (9, 14), (10, 11)]",12.075065491872598,8.191710221340026,5.621275274823585,4.921603666645065,4.592612695412494,3.199560014480063,3.1046120857993396,1.9999999999999996,1.8905123356151752,1.6925082665372329,1.6084576508207924,1.2049977476851104,1.0549029516657378,0.8421815973027483,-1.2968625201703455e-15,91712
"(1, 6, 1)","[(0, 2), (0, 3), (0, 4), (0, 5), (0, 6), (0, 7), (0, 13), (1, 2), (1, 6), (2, 3), (2, 5), (2, 7), (2, 8), (2, 9), (2, 10), (2, 11), (2, 13), (2, 14), (3, 4), (3, 6), (3, 12), (5, 10), (5, 12), (7, 8), (7, 9), (9, 14), (10, 11)]",12.090083000428638,8.205228777173028,5.7263405900790065,4.930781706020186,4.602430776641788,3.2922862582868286,3.159848752316713,3.10431751165671,1.9029201582825865,1.7308643261236272,1.6232436433140645,1.4486308376930335,1.2018203345126468,0.9812033274711647,-9.390619846988129e-16,253491
"(1, 4, 1)","[(0, 2), (0, 3), (0, 4), (0, 5), (0, 6), (0, 7), (0, 13), (1, 2), (1, 4), (2, 3), (2, 5), (2, 7), (2, 8), (2, 9), (2, 10), (2, 11), (2, 13), (2, 14), (3, 4), (3, 6), (3, 12), (5, 10), (5, 12), (7, 8), (7, 9), (9, 14), (10, 11)]",12.090083000428631,8.205228777173035,5.726340590079011,4.930781706020185,4.6024307766417945,3.292286258286837,3.159848752316715,3.1043175116567108,1.9029201582825914,1.7308643261236272,1.6232436433140645,1.448630837693033,1.2018203345126481,0.9812033274711637,-2.6741302614378026e-16,253491
"(1, 12, 1)","[(0, 2), (0, 3), (0, 4), (0, 5), (0, 6), (0, 7), (0, 13), (1, 2), (1, 12), (2, 3), (2, 5), (2, 7), (2, 8), (2, 9), (2, 10), (2, 11), (2, 13), (2, 14), (3, 4), (3, 6), (3, 12), (5, 10), (5, 12), (7, 8), (7, 9), (9, 14), (10, 11)]",12.08939068135638,8.201814433034587,5.706609892016376,4.954349841481956,4.641422295818104,3.4748736126883166,3.1784830735079854,2.6967526071905756,2.0000000000000004,1.8693724336765538,1.648257831207586,1.3882997115365814,1.1809714310720159,0.9694021554130056,1.5159702598794212e-15,253056
