eigenvalue_1,eigenvalue_2,diff,span_trees
10.255601644344186,9.617676022920365,0.63792562142382,235936
10.278583942319761,9.576179870368815,0.7024040719509461,244668
10.274326706744548,9.604866636934009,0.6694600698105386,233630
10.279491247850483,9.580621328563247,0.6988699192872367,239364
10.274326706744537,9.604866636934013,0.6694600698105244,233630
