eigenvalue_1,eigenvalue_2,diff,span_trees
12.090083000428638,8.205228777173028,3.8848542232556103,253491
12.090083000428631,8.205228777173035,3.884854223255596,253491
12.08939068135638,8.201814433034587,3.8875762483217926,253056
