eigenvalue_1,eigenvalue_2,diff,span_trees
10.386270570356226,8.844713726157815,1.5415568441984107,289480
10.397632875914871,8.854544700282094,1.5430881756327768,314736
10.388281208555885,8.8651644856282,1.5231167229276839,287560
10.419731386060754,8.848982492594034,1.5707488934667193,304792
10.405919181457843,8.845883062682379,1.5600361187754643,309216
10.386293585544587,8.84443910960374,1.5418544759408466,290920
10.38828120855588,8.865164485628219,1.5231167229276608,287560
10.419399339973387,8.850708146642907,1.56869119333048,303144
