eigenvalue_1,eigenvalue_2,diff,span_trees
10.145601934213198,8.328193051049759,1.8174088831634396,337764
10.17110252696992,8.329544342747528,1.8415581842223911,352824
10.145673269236875,8.349519955827805,1.7961533134090697,334926
10.1710441871077,8.335565927812963,1.835478259294737,355416
10.163462177227201,8.3275000559847,1.8359621212425008,367896
10.145673269236879,8.349519955827807,1.7961533134090715,334926
