eigenvalue_1,eigenvalue_2,diff,span_trees
9.696104758542711,8.842429171715922,0.8536755868267889,380964
9.693979982075717,8.842648209090775,0.8513317729849419,416884
9.740164624755685,8.828855242338092,0.9113093824175937,404251
9.691483816438117,8.852665902447617,0.8388179139904999,424124
9.740164624755693,8.828855242338088,0.9113093824176044,404251
9.689146781351626,8.829592562717378,0.8595542186342477,388716
