eigenvalue_1,eigenvalue_2,diff,span_trees
8.604547171076137,6.404768834738833,2.199778336337303,667759
