eigenvalue_1,eigenvalue_2,diff,span_trees
8.334577704161823,7.7982266254484225,0.5363510787134009,526688
8.365377573852705,7.79982930054703,0.5655482733056747,526206
8.329619796108034,7.841333608033252,0.48828618807478197,525987
