eigenvalue_1,eigenvalue_2,diff,span_trees
7.80731451759431,7.209017545554921,0.5982969720393898,699995
7.773452142995253,7.2554771843966375,0.5179749585986153,700324
7.768363613768272,7.203236940251969,0.5651266735163025,720491
7.764233083348048,7.222561961274851,0.5416711220731978,752144
7.754756667256919,7.211804151892801,0.5429525153641173,742156
