eigenvalue_1,eigenvalue_2,diff,span_trees
12.090083000428638,8.205228777173028,3.8848542232556103,253491
12.075065504454676,8.191797070797897,3.883268433656779,239852
12.075065494877764,8.191788838725083,3.883276656152681,239744
12.090083000428631,8.205228777173035,3.884854223255596,253491
12.08939068135638,8.201814433034587,3.8875762483217926,253056
12.075080486598306,8.220417523652152,3.854662962946154,235852
12.075065734036317,8.193700039683364,3.8813656943529526,237360
