eigenvalue_1,eigenvalue_2,diff,span_trees
8.62813173512177,6.425984425297748,2.2021473098240216,644460
8.604547171076137,6.404768834738833,2.199778336337303,667759
8.607305718717544,6.428612851843955,2.1786928668735897,636966
