added,edges,eigenvalues,span_trees
"(0, 10, 1)","[(0, 2), (0, 10), (1, 2), (1, 3), (1, 9), (1, 14), (2, 3), (2, 4), (2, 6), (2, 7), (3, 4), (3, 5), (3, 6), (3, 8), (3, 10), (3, 12), (4, 5), (4, 9), (4, 13), (4, 14), (5, 7), (5, 8), (5, 10), (5, 11), (5, 12), (8, 13), (9, 11)]","[9.28552182e+00 8.64949992e+00 7.28008777e+00 5.46079394e+00
 4.50443585e+00 3.53898309e+00 3.18393580e+00 2.98303966e+00
 1.86781679e+00 1.80866934e+00 1.61516827e+00 1.43841228e+00
 1.28206438e+00 1.10157107e+00 6.29363968e-16]",357238
"(0, 12, 1)","[(0, 2), (0, 12), (1, 2), (1, 3), (1, 9), (1, 14), (2, 3), (2, 4), (2, 6), (2, 7), (3, 4), (3, 5), (3, 6), (3, 8), (3, 10), (3, 12), (4, 5), (4, 9), (4, 13), (4, 14), (5, 7), (5, 8), (5, 10), (5, 11), (5, 12), (8, 13), (9, 11)]","[9.28552182e+00 8.64949992e+00 7.28008777e+00 5.46079394e+00
 4.50443585e+00 3.53898309e+00 3.18393580e+00 2.98303966e+00
 1.86781679e+00 1.80866934e+00 1.61516827e+00 1.43841228e+00
 1.28206438e+00 1.10157107e+00 1.08897527e-15]",357238
"(0, 14, 1)","[(0, 2), (0, 14), (1, 2), (1, 3), (1, 9), (1, 14), (2, 3), (2, 4), (2, 6), (2, 7), (3, 4), (3, 5), (3, 6), (3, 8), (3, 10), (3, 12), (4, 5), (4, 9), (4, 13), (4, 14), (5, 7), (5, 8), (5, 10), (5, 11), (5, 12), (8, 13), (9, 11)]","[ 9.26892037e+00  8.67189106e+00  7.26470659e+00  5.46203651e+00
  4.55022690e+00  3.55625075e+00  3.35270015e+00  2.55317851e+00
  2.00000000e+00  1.84394547e+00  1.77370025e+00  1.35799268e+00
  1.28689166e+00  1.05755911e+00 -8.45332489e-16]",356064
"(0, 11, 1)","[(0, 2), (0, 11), (1, 2), (1, 3), (1, 9), (1, 14), (2, 3), (2, 4), (2, 6), (2, 7), (3, 4), (3, 5), (3, 6), (3, 8), (3, 10), (3, 12), (4, 5), (4, 9), (4, 13), (4, 14), (5, 7), (5, 8), (5, 10), (5, 11), (5, 12), (8, 13), (9, 11)]","[ 9.26706754e+00  8.65397972e+00  7.26064277e+00  5.47324540e+00
  4.67927929e+00  3.54471559e+00  3.33564146e+00  2.37528160e+00
  2.00000000e+00  1.85882511e+00  1.67853014e+00  1.46164202e+00
  1.28207147e+00  1.12907789e+00 -2.02428074e-16]",368652
"(0, 13, 1)","[(0, 2), (0, 13), (1, 2), (1, 3), (1, 9), (1, 14), (2, 3), (2, 4), (2, 6), (2, 7), (3, 4), (3, 5), (3, 6), (3, 8), (3, 10), (3, 12), (4, 5), (4, 9), (4, 13), (4, 14), (5, 7), (5, 8), (5, 10), (5, 11), (5, 12), (8, 13), (9, 11)]","[ 9.26835217e+00  8.67277289e+00  7.22795023e+00  5.46950630e+00
  4.60485956e+00  3.87311129e+00  3.06458672e+00  2.38965071e+00
  2.00000000e+00  1.86769172e+00  1.69415345e+00  1.49177944e+00
  1.25303261e+00  1.12255292e+00 -4.10232344e-17]",367432
