eigenvalue_1,eigenvalue_2,diff,span_trees
10.35578552986566,8.859165560553611,1.4966199693120483,356375
10.340846902138738,8.861545327830962,1.479301574307776,370948
10.346180680710324,8.856569681382892,1.4896109993274322,376580
10.332184833427151,8.911978656445157,1.4202061769819938,349743
10.348940955785238,8.858377660341048,1.4905632954441899,368348
10.323952996571295,8.880743151789662,1.4432098447816326,380082
10.355346086162172,8.859135687376657,1.4962103987855144,367140
10.366507286332393,8.86219784007576,1.5043094462566327,350187
10.344750672350026,8.855688951162362,1.4890617211876638,367019
