eigenvalue_1,eigenvalue_2,diff,span_trees
9.285521823859845,8.649499922083425,0.6360219017764202,357238
9.285521823859831,8.649499922083436,0.6360219017763953,357238
9.26892036776109,8.671891059168834,0.5970293085922567,356064
9.267067535097029,8.653979718623372,0.6130878164736568,368652
9.268352169926123,8.672772889033363,0.5955792808927605,367432
