eigenvalue_1,eigenvalue_2,diff,span_trees
11.235580288617133,10.026784225940432,1.2087960626767007,198900
11.235580288617133,10.026784225940434,1.208796062676699,198900
11.235580288617129,10.026784225940455,1.208796062676674,198900
11.235051679447976,10.021297900980606,1.2137537784673693,201784
