eigenvalue_1,eigenvalue_2,diff,span_trees
(12.064172136220915+0j),(8.207242060035348+0j),(3.8569300761855665+0j),242016
(12.078277140575535+0j),(8.179059049839536+0j),(3.8992180907359995+0j),256864
(12.064171848867923+0j),(8.17863396702437+0j),(3.885537881843554+0j),243724
(12.064171848867936+0j),(8.178633967024359+0j),(3.885537881843577+0j),243724
(12.064172136220916+0j),(8.207242060035343+0j),(3.8569300761855736+0j),242016
(12.078180084387352+0j),(8.179597500847025+0j),(3.8985825835403265+0j),261952
(12.06417213622092+0j),(8.207242060035341+0j),(3.856930076185579+0j),242016
(12.077906472092977+0j),(8.190752531714312+0j),(3.8871539403786652+0j),254512
