eigenvalue_1,eigenvalue_2,diff,span_trees
11.235580288617133,10.026784225940432,1.2087960626767007,198900
11.235580288617133,10.026784225940434,1.208796062676699,198900
11.214392072152373,10.015660185395149,1.1987318867572245,192600
11.235580288617129,10.026784225940455,1.208796062676674,198900
11.235051679447976,10.021297900980606,1.2137537784673693,201784
11.224663042207284,10.019025477866377,1.2056375643409076,187300
11.214148103076516,10.017049122002964,1.1970989810735517,188500
11.214227061067643,10.015491899583322,1.1987351614843202,190744
