basic_graph_collector,basic_span_collector,algorithm_span_collector,algorithm_edge_collector,algorithm_time,improved_algorithm_span_collector,improved_algorithm_edge_collector,improved_algorithm_time,algorithm_1_span_collector,algorithm_1_edge_collector,algorithm_1_time,greedy_span_collector,greedy_edge_collector,greedy_time
"[(0, 2), (0, 8), (0, 9), (1, 2), (1, 3), (1, 5), (1, 7), (2, 3), (2, 4), (2, 6), (2, 9), (3, 4), (4, 5), (5, 6), (5, 7), (6, 8), (7, 8), (7, 9)]",1766,9445,"[(7, 8), (7, 9)]",0.002413034439086914,9445,"[(7, 8), (7, 9)]",0.1138753890991211,7960,"{(0, 1), (7, 8)}",0.10235381126403809,7960,"{(3, 8), (0, 7)}",0.03495454788208008
"[(0, 2), (0, 4), (0, 7), (1, 2), (1, 3), (1, 8), (2, 3), (2, 5), (2, 6), (2, 8), (2, 9), (3, 4), (3, 5), (3, 6), (3, 7), (3, 9), (4, 8), (6, 7)]",1060,5668,"[(0, 7), (4, 8)]",0.004297971725463867,5668,"[(4, 8), (0, 7)]",0.11295580863952637,4812,"{(0, 1), (4, 8)}",0.11882710456848145,4812,"{(0, 9), (7, 8)}",0.037551164627075195
"[(0, 2), (0, 3), (0, 4), (0, 7), (0, 9), (1, 2), (1, 6), (2, 3), (2, 5), (2, 6), (2, 8), (3, 4), (4, 5), (4, 7), (4, 8), (5, 9), (6, 7), (8, 9)]",1353,7521,"[(6, 7), (5, 9)]",0.005384206771850586,8060,"[(6, 7), (1, 9)]",0.2201690673828125,6554,"{(0, 1), (6, 7)}",0.10001492500305176,6554,"{(6, 9), (1, 7)}",0.033856868743896484
"[(0, 2), (0, 9), (0, 8), (1, 2), (1, 3), (2, 3), (2, 4), (2, 5), (2, 6), (2, 7), (3, 4), (3, 7), (3, 8), (3, 9), (4, 5), (4, 6), (4, 8), (6, 9)]",892,5504,"[(0, 9), (0, 8)]",0.0028879642486572266,5504,"[(0, 9), (0, 8)]",0.11961984634399414,5266,"{(0, 9), (0, 1)}",0.12533903121948242,5266,"{(0, 1), (0, 5)}",0.03358125686645508
"[(0, 2), (0, 9), (1, 2), (1, 3), (1, 4), (1, 5), (1, 6), (2, 3), (2, 4), (2, 5), (2, 6), (2, 7), (2, 8), (3, 7), (3, 9), (4, 8), (5, 7), (8, 9)]",964,5660,"[(0, 9), (5, 7)]",0.004320383071899414,5840,"[(0, 9), (0, 6)]",0.11140179634094238,5660,"{(0, 9), (5, 7)}",0.1165914535522461,5660,"{(6, 9), (0, 7)}",0.035266876220703125
