eigenvalue_1,eigenvalue_2,diff,span_trees
9.271204801214973,8.480846178196407,0.790358623018566,348584
9.287274768334733,8.455360334629598,0.8319144337051352,312909
9.268438288127873,8.481818425728418,0.7866198623994549,356844
9.280337575454144,8.50271680591847,0.7776207695356749,335076
9.287274768334727,8.455360334629596,0.8319144337051316,312909
9.268283972966984,8.481050577975774,0.78723339499121,358356
