eigenvalue_1,eigenvalue_2,diff,span_trees
9.268150146021805,8.661821033670261,0.6063291123515437,331116
9.285521823859845,8.649499922083425,0.6360219017764202,357238
9.285521823859831,8.649499922083436,0.6360219017763953,357238
9.286886568187045,8.644544824169598,0.6423417440174468,327784
9.26892036776109,8.671891059168834,0.5970293085922567,356064
9.267067535097029,8.653979718623372,0.6130878164736568,368652
9.268352169926123,8.672772889033363,0.5955792808927605,367432
