eigenvalue_1,eigenvalue_2,diff,span_trees
11.128583489636844,7.747039980340656,3.381543509296188,315748
11.109797730829447,7.734895273463785,3.3749024573656623,299172
11.127514041241366,7.739280793495901,3.3882332477454646,316508
11.109816778962552,7.732701088842266,3.377115690120286,300280
11.109793675994608,7.752955601628335,3.356838074366273,298108
11.12677597308499,7.730914024702667,3.395861948382324,324908
11.127849403314018,7.751360742187608,3.3764886611264098,314040
