eigenvalue_1,eigenvalue_2,diff,span_trees
10.223583505223107,6.488083629584943,3.7354998756381645,758554
10.199693903663121,6.593529480267667,3.6061644233954544,775654
10.230764705254447,6.482023529409372,3.7487411758450753,735279
10.210163389851601,6.640945561272525,3.5692178285790765,746581
10.218071509373686,6.503042849627831,3.7150286597458555,776030
